ds,Beer,Tobacco,Bricks,Cement,Electricity,Gas
01/01/1956,284,5225,189,465,3923,5
01/04/1956,213,5178,204,532,4436,6
01/07/1956,227,5297,208,561,4806,7
01/10/1956,308,5681,197,570,4418,6
01/01/1957,262,5577,187,529,4339,5
01/04/1957,228,5651,214,604,4811,7
01/07/1957,236,5317,227,603,5259,7
01/10/1957,320,6152,222,582,4735,6
01/01/1958,272,5758,199,554,4608,5
01/04/1958,233,5641,229,620,5196,7
01/07/1958,237,5802,249,646,5609,8
01/10/1958,313,6265,234,637,4977,6
01/01/1959,261,5478,208,573,4883,5
01/04/1959,227,5892,251,673,5744,7
01/07/1959,250,5952,267,690,6035,8
01/10/1959,314,6597,255,681,5514,6
01/01/1960,286,5980,242,621,5387,6
01/04/1960,227,6154,268,698,6211,8
01/07/1960,260,5478,290,753,6659,8
01/10/1960,311,6716,277,728,5983,7
01/01/1961,295,6022,241,688,5709,6
01/04/1961,233,6070,253,737,6458,7
01/07/1961,257,6303,265,742,6875,8
01/10/1961,339,6693,236,692,6162,6
01/01/1962,279,6072,229,637,6098,6
01/04/1962,250,6112,265,757,7075,8
01/07/1962,270,6146,275,783,7595,8
01/10/1962,346,6787,258,757,6891,7
01/01/1963,294,6051,231,674,6707,6
01/04/1963,255,6259,263,774,7874,8
01/07/1963,278,6348,308,835,8555,9
01/10/1963,363,6883,313,838,7503,7
01/01/1964,313,5890,293,797,7469,6
01/04/1964,273,6365,328,904,8829,8
01/07/1964,300,7373,349,949,9513,9
01/10/1964,370,6768,340,975,8415,7
01/01/1965,331,6201,309,902,8170,6
01/04/1965,288,6332,349,974,9503,8
01/07/1965,306,7213,366,969,10306,9
01/10/1965,386,6600,340,967,9077,7
01/01/1966,335,5522,302,849,8650,6
01/04/1966,288,6184,350,961,10180,8
01/07/1966,308,7202,362,966,11234,10
01/10/1966,402,6599,337,922,9836,7
01/01/1967,353,5801,306,836,9490,6
01/04/1967,316,6771,358,998,10991,9
01/07/1967,325,6837,359,1025,12170,10
01/10/1967,405,6685,357,971,10470,7
01/01/1968,393,6255,341,892,10087,6
01/04/1968,319,6977,380,973,11858,9
01/07/1968,327,7417,404,1047,13198,11
01/10/1968,442,7075,409,1017,11413,8
01/01/1969,383,6641,383,948,11136,7
01/04/1969,332,7154,417,1032,13040,10
01/07/1969,361,7929,454,1190,14248,13
01/10/1969,446,7362,428,1136,12759,11
01/01/1970,387,6807,386,1049,12328,12
01/04/1970,357,7612,428,1134,14493,18
01/07/1970,374,7862,434,1229,15664,23
01/10/1970,466,7126,417,1188,13781,20
01/01/1971,410,7255,385,1058,13299,19
01/04/1971,370,8076,433,1209,15230,23
01/07/1971,379,8405,453,1199,16667,28
01/10/1971,487,7974,436,1253,14484,24
01/01/1972,419,6500,399,1070,13838,24
01/04/1972,378,7119,461,1282,15919,34
01/07/1972,393,7367,476,1303,17149,40
01/10/1972,506,7549,477,1281,15564,35
01/01/1973,458,7168,452,1148,15024,34
01/04/1973,387,7635,461,1305,17064,41
01/07/1973,427,8446,534,1342,18512,48
01/10/1973,565,7593,516,1452,16467,39
01/01/1974,465,6823,478,1184,16249,38
01/04/1974,445,7856,526,1352,18515,48
01/07/1974,450,8574,518,1316,20377,52
01/10/1974,556,8163,417,1353,17681,43
01/01/1975,500,6971,340,1121,16692,39
01/04/1975,452,8021,437,1297,19184,49
01/07/1975,435,8133,459,1318,20078,55
01/10/1975,554,8349,449,1281,18260,47
01/01/1976,510,6687,424,1109,18023,44
01/04/1976,433,7991,501,1299,20234,58
01/07/1976,453,6900,540,1341,22272,65
01/10/1976,548,7119,533,1290,19684,54
01/01/1977,486,7156,457,1101,19031,49
01/04/1977,453,8671,513,1284,21545,64
01/07/1977,457,8459,522,1321,23270,74
01/10/1977,566,7367,478,1317,20107,58
01/01/1978,515,7219,421,1122,20084,56
01/04/1978,464,7344,487,1261,22634,71
01/07/1978,431,7314,470,1312,24494,78
01/10/1978,588,7379,482,1298,21396,65
01/01/1979,503,7084,458,1205,21323,59
01/04/1979,443,7882,526,1302,23644,74
01/07/1979,448,7816,573,1377,25994,88
01/10/1979,555,6786,563,1359,22802,71
01/01/1980,513,6794,513,1232,22604,68
01/04/1980,427,8168,551,1386,24510,91
01/07/1980,473,8097,589,1440,26690,103
01/10/1980,526,7820,564,1439,24132,83
01/01/1981,548,6437,519,1282,23639,88
01/04/1981,440,7995,581,1573,26320,110
01/07/1981,469,8238,581,1533,28345,120
01/10/1981,575,8026,578,1641,24890,101
01/01/1982,493,6697,501,1337,24675,93
01/04/1982,433,7749,560,1575,27122,116
01/07/1982,480,8043,512,1475,28590,127
01/10/1982,576,7469,412,1357,25371,98
01/01/1983,475,6559,303,1086,24687,92
01/04/1983,405,7852,409,1158,27285,118
01/07/1983,435,7449,420,1279,29290,124
01/10/1983,535,6975,413,1313,26684,104
01/01/1984,453,6631,400,1166,26641,97
01/04/1984,430,6928,469,1373,29042,116
01/07/1984,417,6542,482,1456,31856,130
01/10/1984,552,6819,484,1495,28343,111
01/01/1985,464,6033,447,1251,28982,103
01/04/1985,417,7678,507,1456,30838,120
01/07/1985,423,7341,533,1631,33165,132
01/10/1985,554,6829,505,1555,29648,107
01/01/1986,459,5733,442,1375,29506,98
01/04/1986,428,7465,503,1546,32002,127
01/07/1986,429,7780,506,1568,34375,137
01/10/1986,534,7234,443,1561,31046,112
01/01/1987,481,5765,414,1332,31015,106
01/04/1987,416,7476,485,1458,33685,130
01/07/1987,440,6742,495,1501,35850,158
01/10/1987,538,7217,458,1615,33211,123
01/01/1988,474,6034,428,1418,33142,116
01/04/1988,440,7389,519,1625,34664,137
01/07/1988,447,7077,555,1770,37154,157
01/10/1988,598,6837,538,1791,35303,125
01/01/1989,467,6051,510,1621,36905,117
01/04/1989,439,7193,571,1719,37333,149
01/07/1989,446,6639,556,1972,40413,175
01/10/1989,567,7060,509,1894,36579,139
01/01/1990,485,6562,458,1565,37016,125
01/04/1990,441,7063,510,1645,39103,152
01/07/1990,429,7374,494,1658,41067,161
01/10/1990,599,6563,460,1668,37653,123
01/01/1991,464,6202,372,1343,37554,111
01/04/1991,424,6694,436,1441,38752,141
01/07/1991,436,6748,422,1444,41424,160
01/10/1991,574,6160,423,1497,38101,125
01/01/1992,443,5777,383,1289,38332,117
01/04/1992,410,5853,404,1501,39774,151
01/07/1992,420,6416,446,1539,42246,175
01/10/1992,532,5825,420,1568,38498,129
01/01/1993,433,5724,394,1450,39460,116
01/04/1993,421,6036,462,1668,41356,149
01/07/1993,410,6570,475,1648,42949,163
01/10/1993,512,5675,443,1863,40974,138
01/01/1994,449,5311,421,1468,40162,127
01/04/1994,381,5717,475,1755,41199,159
01/07/1994,423,7000,497,1962,44095,184
01/10/1994,531,6085,476,1833,41745,147
01/01/1995,426,4714,430,1626,41768,131
01/04/1995,408,3939,457,1703,43686,167
01/07/1995,416,6137,417,1733,46022,181
01/10/1995,520,4739,370,1545,42800,145
01/01/1996,409,4275,310,1526,43661,133
01/04/1996,398,5239,358,1593,44707,162
01/07/1996,398,6293,379,1706,46326,184
01/10/1996,507,5575,369,1699,43346,146
01/01/1997,432,4802,330,1511,43938,135
01/04/1997,398,5523,390,1785,45828,171
01/07/1997,406,5708,416,1826,48448,183
01/10/1997,526,4821,383,1830,46096,151
01/01/1998,428,4919,339,1719,46198,141
01/04/1998,397,5809,394,1861,47237,174
01/07/1998,403,5904,412,1956,49041,191
01/10/1998,517,4555,420,2067,46192,157
01/01/1999,435,5198,376,1737,48089,145
01/04/1999,383,5388,401,1944,48227,182
01/07/1999,424,5142,430,2005,49784,198
01/10/1999,521,5517,417,2027,47588,165
01/01/2000,421,5169,416,1835,49320,164
01/04/2000,402,4860,447,2070,50670,199
01/07/2000,414,5185,421,1898,52623,213
01/10/2000,500,4763,379,1652,49350,173
01/01/2001,451,4217,304,1554,51658,177
01/04/2001,380,4959,337,1717,51103,205
01/07/2001,416,5196,385,1679,52226,218
01/10/2001,492,4522,381,1836,50778,185
01/01/2002,428,3843,345,1729,50639,166
01/04/2002,408,4806,405,1992,51486,204
01/07/2002,406,5280,417,2030,53299,228
01/10/2002,506,4709,420,1978,51646,186
01/01/2003,435,4362,387,1831,51415,172
01/04/2003,380,5210,415,1892,51379,204
01/07/2003,421,5258,440,2227,54808,232
01/10/2003,490,4526,413,2090,52453,188
01/01/2004,435,3974,409,1963,54561,173
01/04/2004,390,5027,423,2180,54644,215
01/07/2004,412,NA,428,2307,55915,227
01/10/2004,454,NA,397,2157,52850,190
01/01/2005,416,NA,355,1980,55035,170
01/04/2005,403,NA,435,2481,55117,206
01/07/2005,408,NA,NA,2340,56043,221
01/10/2005,482,NA,NA,2265,54992,180
01/01/2006,438,NA,NA,2027,57112,171
01/04/2006,386,NA,NA,2278,57157,224
01/07/2006,405,NA,NA,2427,58400,233
01/10/2006,491,NA,NA,2451,56249,192
01/01/2007,427,NA,NA,2140,56244,187
01/04/2007,383,NA,NA,2362,55036,234
01/07/2007,394,NA,NA,2536,59806,245
01/10/2007,473,NA,NA,2562,56411,205
01/01/2008,420,NA,NA,2183,59118,194
01/04/2008,390,NA,NA,2558,56660,229
01/07/2008,410,NA,NA,2612,64067,249
01/10/2008,488,NA,NA,2373,59045,203
01/01/2009,415,NA,NA,1963,58368,196
01/04/2009,398,NA,NA,2160,57471,238
01/07/2009,419,NA,NA,2325,58394,252
01/10/2009,488,NA,NA,2273,57336,210
01/01/2010,414,NA,NA,1904,58309,205
01/04/2010,374,NA,NA,2401,58041,236
